id,first_name
1,Stacey
2,Alberik
3,Dorry
4,Mellicent
5,Leonard
6,Coral
7,Margi
8,Donica
9,Gavan
10,Guss
11,Ophelie
12,Amelie
13,Vickie
14,Ericka
15,Garv
16,Molli
17,Abigale
18,Iorgo
19,Kelsey
20,Kary
21,Alidia
22,Si
23,Dolf
24,Rosella
25,Bernie
26,Syman
27,Pietrek
28,Maddi
29,Charles
30,Veronike
31,Ludovico
32,Baron
33,Rik
34,Licha
35,Brade
36,Burk
37,Menard
38,Arri
39,Marcille
40,Chance
41,Ardys
42,Ophelie
43,Dorita
44,Malissia
45,Toinette
46,Tallou
47,Carlin
48,See
49,Baird
50,Pepita
51,Hetti
52,Rogers
53,Godfrey
54,Becki
55,Hamid
56,Vivyan
57,Farlie
58,Cissy
59,Rolland
60,Julius
61,Gibb
62,Joshia
63,Dawna
64,Frazer
65,Bailey
66,Lauretta
67,Kaila
68,Mervin
69,Dianne
70,Peta
71,Abbie
72,Rollie
73,Sebastian
74,Barry
75,Jessey
76,Glynda
77,Concordia
78,Van
79,Xerxes
80,Amble
81,Delphinia
82,Kaine
83,Letta
84,Zsazsa
85,Davina
86,Danica
87,Nicholle
88,Donna
89,Burtie
90,Ignatius
91,Sutherlan
92,Stanton
93,Matthias
94,Perle
95,Augusta
96,Kamila
97,Dov
98,Paten
99,Terrill
100,Allyce
101,Markos
102,Curt
103,Celisse
104,Stephanus
105,Dennison
106,Tadeas
107,Correna
108,Skipton
109,Wilt
110,Mason
111,Llywellyn
112,Orelle
113,Willetta
114,Tori
115,Brigg
116,Jeanie
117,Candi
118,Dotti
119,Yard
120,Sidoney
121,Desdemona
122,Willette
123,Herschel
124,Abagael
125,Boris
126,Tawnya
127,Claiborn
128,Adham
129,Livia
130,Christos
131,Leda
132,Tedie
133,Ferd
134,Rahal
135,Pieter
136,Leigh
137,Gabey
138,Daloris
139,Granny
140,Tedie
141,Callida
142,Becky
143,Dacey
144,Harley
145,Mario
146,Crystal
147,Carroll
148,Fanni
149,Barbra
150,Richardo
151,Georgianne
152,Jerrie
153,Eldridge
154,Gabriellia
155,Gabey
156,Kathleen
157,Humberto
158,Travers
159,Zenia
160,Chandra
161,Malvina
162,Nell
163,Janine
164,Ewell
165,Delores
166,Rorke
167,Rory
168,Morris
169,Orella
170,Meredith
171,Tanner
172,Luisa
173,Loree
174,Vivianne
175,Belia
176,Kriste
177,Lissa
178,Suki
179,Maggy
180,Barnett
181,Bram
182,Federica
183,Carolin
184,Katey
185,Shurlocke
186,Wesley
187,Johnathan
188,Harli
189,Mira
190,Rici
191,Damon
192,Burnaby
193,Bartie
194,Diane
195,Manya
196,Madge
197,Carlota
198,Christopher
199,Saba
200,Rex
201,Tamma
202,Hersh
203,Anabelle
204,Flem
205,Petunia
206,Nicolai
207,Louise
208,Berri
209,Ruth
210,Lilas
211,Jed
212,Tudor
213,Gustav
214,Selestina
215,Dukey
216,Mallissa
217,Wilden
218,Cornelius
219,Alvera
220,Brier
221,Boigie
222,Dennison
223,Allie
224,Hewet
225,Ivie
226,Jewel
227,Lizabeth
228,Kacie
229,Natalina
230,Shanan
231,Brenda
232,Karyn
233,Nadine
234,Martina
235,Latisha
236,Rani
237,Karlene
238,Adeline
239,Wylma
240,Donella
241,Guillermo
242,Eleanor
243,Berkly
244,Ardis
245,Penny
246,Scottie
247,Janet
248,Kingston
249,Galvan
250,Amanda
251,Whit
252,Darcy
253,Salome
254,Orv
255,Denny
256,Berny
257,Lurlene
258,Biron
259,Zorah
260,Jervis
261,Gerrard
262,Abra
263,Smith
264,Guillema
265,Arv
266,Karina
267,Maximilianus
268,Godfrey
269,Kippar
270,Antony
271,Kimmi
272,Arleyne
273,Daniel
274,Magdalene
275,Marmaduke
276,Nevin
277,Casar
278,Ivan
279,Sisely
280,Dallis
281,Merline
282,Auguste
283,Andie
284,Allx
285,Terrill
286,Gherardo
287,Malinde
288,Gilligan
289,Kristina
290,Camile
291,Cyb
292,Edee
293,Chrisse
294,Judith
295,Kilian
296,Corilla
297,Ethyl
298,Kaylee
299,Dawna
300,Bax
301,Bernadene
302,Rasia
303,Evaleen
304,Jameson
305,Knox
306,Shawn
307,Garvey
308,Durand
309,Harlene
310,Georgianna
311,Alison
312,Budd
313,Kacey
314,Chery
315,Eadmund
316,Carly
317,Erie
318,Reeva
319,Tabbie
320,Robinetta
321,Goraud
322,Lura
323,Essie
324,Edmund
325,Clarissa
326,Cirstoforo
327,Aksel
328,Erik
329,Duky
330,Margaret
331,Gerhardt
332,Kristen
333,Bevvy
334,Maureene
335,Catriona
336,Lorrin
337,Dare
338,Errol
339,Jaynell
340,Alisun
341,Alfredo
342,Cesaro
343,Ad
344,Muriel
345,Westley
346,Stanley
347,Alyda
348,Rabi
349,Sapphira
350,Bonnee
351,Sheffy
352,Artur
353,Sherlock
354,Nicolina
355,Patty
356,Dodi
357,Stanton
358,Rosie
359,Halsy
360,Kaiser
361,Tanney
362,Pincus
363,Willey
364,Karoly
365,Yvon
366,Pat
367,Natalee
368,Caryn
369,Reeta
370,Abram
371,Ken
372,Lilllie
373,Lexy
374,Isaiah
375,Elora
376,Anselma
377,Daven
378,Huntlee
379,Inessa
380,Denys
381,Felicity
382,Gabriellia
383,Milzie
384,Rheba
385,Brock
386,Daryle
387,Elissa
388,Elisabet
389,Barret
390,Carmita
391,Alfredo
392,Con
393,Nichole
394,Tiffanie
395,Augustine
396,Ravid
397,Cheslie
398,Dennis
399,Zabrina
400,Jamill
401,Euphemia
402,Yetta
403,Barnabe
404,Carina
405,Dominik
406,Lin
407,Karlen
408,Yvon
409,June
410,Craig
411,Bartolemo
412,Katleen
413,Catlaina
414,Ingmar
415,Marys
416,Gavan
417,Marc
418,Thorin
419,Sollie
420,Olva
421,Forrester
422,Meredithe
423,Kori
424,Orlando
425,Rhys
426,Nathanial
427,Karlie
428,Dennison
429,Rayner
430,Aeriela
431,Hedvige
432,Godiva
433,Dottie
434,Sibeal
435,Susan
436,Felix
437,Avril
438,Maxie
439,Bay
440,Margarette
441,Dacie
442,Juline
443,Bette-ann
444,Estrellita
445,Sullivan
446,Pincus
447,Dolores
448,Arthur
449,Quent
450,Clarance
451,Shanda
452,Sher
453,Fredia
454,Adel
455,Nichol
456,Janis
457,Darby
458,Blane
459,Deirdre
460,Meta
461,Adriano
462,Bellanca
463,Tallulah
464,Beth
465,Valry
466,Grange
467,Sloan
468,Auberta
469,Idalina
470,Cele
471,Winifield
472,Cinnamon
473,Johan
474,Antin
475,Terrie
476,Beau
477,Marys
478,Barnie
479,Stephanus
480,Denni
481,Steffi
482,Nye
483,Carly
484,Roland
485,Zarah
486,Violetta
487,Chrysler
488,Artus
489,Maribel
490,Aurora
491,Cesaro
492,Edith
493,Jilli
494,Giselbert
495,Kiel
496,Freddi
497,Jakie
498,Giustina
499,Riva
500,Deck
